Tempo;Gesto
16:02:23.162;ABERTA
16:02:23.194;ABERTA
16:02:23.226;ABERTA
16:02:23.353;ABERTA
16:02:23.385;ABERTA
16:02:23.417;ABERTA
16:02:23.448;FECHADA
16:02:23.480;FECHADA
16:02:23.512;FECHADA
16:02:23.544;FECHADA
16:02:23.575;ABERTA
16:02:23.607;ABERTA
16:02:23.639;ABERTA
16:02:23.671;ABERTA
16:02:23.702;ABERTA
16:02:23.734;ABERTA
16:02:23.766;ABERTA
16:02:23.797;ABERTA
16:02:23.829;ABERTA
16:02:23.860;ABERTA
16:02:23.892;ABERTA
16:02:23.924;ABERTA
16:02:23.955;ABERTA
16:02:23.986;ABERTA
16:02:24.018;ABERTA
16:02:24.049;ABERTA
16:02:24.081;ABERTA
16:02:24.113;ABERTA
16:02:24.145;ABERTA
16:02:24.176;ABERTA
16:02:24.207;ABERTA
16:02:24.239;ABERTA
16:02:24.270;ABERTA
16:02:24.302;ABERTA
16:02:24.335;ABERTA
16:02:24.366;ABERTA
16:02:24.398;ABERTA
16:02:24.430;ABERTA
16:02:24.461;ABERTA
16:02:24.493;ABERTA
16:02:24.525;ABERTA
16:02:24.556;ABERTA
16:02:24.587;ABERTA
16:02:24.619;ABERTA
16:02:24.650;ABERTA
16:02:24.682;ABERTA
16:02:24.714;ABERTA
16:02:24.745;ABERTA
16:02:24.777;ABERTA
16:02:24.808;ABERTA
16:02:24.840;ABERTA
16:02:24.871;ABERTA
16:02:24.903;ABERTA
16:02:24.936;ABERTA
16:02:24.967;ABERTA
16:02:24.999;ABERTA
16:02:25.031;ABERTA
16:02:25.063;ABERTA
16:02:25.095;ABERTA
16:02:25.127;ABERTA
16:02:25.159;ABERTA
16:02:25.190;ABERTA
16:02:25.222;ABERTA
16:02:25.255;ABERTA
16:02:25.289;ABERTA
16:02:25.332;ABERTA
16:02:25.363;ABERTA
16:02:25.397;ABERTA
16:02:25.428;ABERTA
16:02:25.460;ABERTA
16:02:25.491;ABERTA
16:02:25.523;ABERTA
16:02:25.555;ABERTA
16:02:25.587;ABERTA
16:02:25.619;ABERTA
16:02:25.650;ABERTA
16:02:25.682;ABERTA
16:02:25.714;ABERTA
16:02:25.746;ABERTA
16:02:25.777;ABERTA
16:02:25.809;ABERTA
16:02:25.841;ABERTA
16:02:25.872;ABERTA
16:02:25.904;ABERTA
16:02:25.935;ABERTA
16:02:25.967;ABERTA
16:02:26.003;ABERTA
16:02:26.037;ABERTA
16:02:26.074;ABERTA
16:02:26.105;ABERTA
16:02:26.137;ABERTA
16:02:26.169;ABERTA
16:02:26.200;ABERTA
16:02:26.232;ABERTA
16:02:26.264;ABERTA
16:02:26.295;ABERTA
16:02:26.327;ABERTA
16:02:26.358;ABERTA
16:02:26.389;ABERTA
16:02:26.421;ABERTA
16:02:26.452;ABERTA
16:02:26.484;ABERTA
16:02:26.516;ABERTA
16:02:26.547;FECHADA
16:02:26.579;FECHADA
16:02:26.610;FECHADA
16:02:26.642;FECHADA
16:02:26.674;FECHADA
16:02:26.705;FECHADA
16:02:26.738;FECHADA
16:02:26.769;FECHADA
16:02:26.801;FECHADA
16:02:26.833;FECHADA
16:02:26.864;FECHADA
16:02:26.896;FECHADA
16:02:26.927;FECHADA
16:02:26.959;FECHADA
16:02:26.990;FECHADA
16:02:27.022;FECHADA
16:02:27.053;FECHADA
16:02:27.084;FECHADA
16:02:27.116;FECHADA
16:02:27.148;FECHADA
16:02:27.179;FECHADA
16:02:27.211;FECHADA
16:02:27.243;FECHADA
16:02:27.275;FECHADA
16:02:27.307;FECHADA
16:02:27.338;FECHADA
16:02:27.370;FECHADA
16:02:27.401;FECHADA
16:02:27.433;FECHADA
16:02:27.464;FECHADA
16:02:27.496;FECHADA
16:02:27.530;FECHADA
16:02:27.561;FECHADA
16:02:27.593;FECHADA
16:02:27.625;FECHADA
16:02:27.656;FECHADA
16:02:27.687;FECHADA
16:02:27.720;FECHADA
16:02:27.751;FECHADA
16:02:27.783;FECHADA
16:02:27.815;FECHADA
16:02:27.847;FECHADA
16:02:27.879;FECHADA
16:02:27.911;FECHADA
16:02:27.943;FECHADA
16:02:27.975;FECHADA
16:02:28.006;FECHADA
16:02:28.038;FECHADA
16:02:28.070;FECHADA
16:02:28.102;FECHADA
16:02:28.133;FECHADA
16:02:28.165;FECHADA
16:02:28.196;FECHADA
16:02:28.229;FECHADA
16:02:28.261;ABERTA
16:02:28.292;ABERTA
16:02:28.324;ABERTA
16:02:28.355;ABERTA
16:02:28.386;ABERTA
16:02:28.418;ABERTA
16:02:28.450;ABERTA
16:02:28.481;ABERTA
16:02:28.512;ABERTA
16:02:28.543;ABERTA
16:02:28.575;ABERTA
16:02:28.606;ABERTA
16:02:28.637;ABERTA
16:02:28.670;ABERTA
16:02:28.702;ABERTA
16:02:28.733;ABERTA
16:02:28.765;ABERTA
16:02:28.796;ABERTA
16:02:28.828;ABERTA
16:02:28.859;ABERTA
16:02:28.891;ABERTA
16:02:28.923;ABERTA
16:02:28.955;ABERTA
16:02:28.987;ABERTA
16:02:29.019;ABERTA
16:02:29.051;ABERTA
16:02:29.083;ABERTA
16:02:29.116;ABERTA
16:02:29.147;ABERTA
16:02:29.179;ABERTA
16:02:29.210;ABERTA
16:02:29.241;ABERTA
16:02:29.273;ABERTA
16:02:29.305;ABERTA
16:02:29.338;ABERTA
16:02:29.375;ABERTA
16:02:29.408;ABERTA
16:02:29.447;ABERTA
16:02:29.479;ABERTA
16:02:29.511;ABERTA
16:02:29.544;ABERTA
16:02:29.577;ABERTA
16:02:29.609;ABERTA
16:02:29.643;ABERTA
16:02:29.677;ABERTA
16:02:29.708;ABERTA
16:02:29.740;ABERTA
16:02:29.772;ABERTA
16:02:29.804;ABERTA
16:02:29.835;ABERTA
16:02:29.867;ABERTA
16:02:29.899;ABERTA
16:02:29.930;ABERTA
16:02:29.961;ABERTA
16:02:29.993;ABERTA
16:02:30.025;ABERTA
16:02:30.057;ABERTA
16:02:30.089;ABERTA
16:02:30.120;ABERTA
16:02:30.151;ABERTA
16:02:30.182;ABERTA
16:02:30.214;ABERTA
16:02:30.246;ABERTA
16:02:30.278;ABERTA
16:02:30.310;ABERTA
16:02:30.342;ABERTA
16:02:30.373;ABERTA
16:02:30.405;ABERTA
16:02:30.437;ABERTA
16:02:30.469;ABERTA
16:02:30.501;ABERTA
16:02:30.532;ABERTA
16:02:30.564;ABERTA
16:02:30.596;ABERTA
16:02:30.627;ABERTA
16:02:30.659;ABERTA
16:02:30.690;ABERTA
16:02:30.721;ABERTA
16:02:30.753;ABERTA
16:02:30.784;ABERTA
16:02:30.816;ABERTA
16:02:30.847;ABERTA
16:02:30.878;ABERTA
16:02:30.910;ABERTA
16:02:30.942;ABERTA
16:02:30.974;ABERTA
16:02:31.005;ABERTA
16:02:31.037;ABERTA
16:02:31.069;ABERTA
16:02:31.100;ABERTA
16:02:31.131;ABERTA
16:02:31.162;ABERTA
16:02:31.194;ABERTA
16:02:31.225;ABERTA
16:02:31.256;ABERTA
16:02:31.288;ABERTA
16:02:31.319;ABERTA
16:02:31.350;FECHADA
16:02:31.382;FECHADA
16:02:31.414;FECHADA
16:02:31.445;FECHADA
16:02:31.476;FECHADA
16:02:31.508;FECHADA
16:02:31.540;FECHADA
16:02:31.571;FECHADA
16:02:31.603;FECHADA
16:02:31.635;FECHADA
16:02:31.667;FECHADA
16:02:31.698;FECHADA
16:02:31.730;FECHADA
16:02:31.762;FECHADA
16:02:31.794;FECHADA
16:02:31.825;FECHADA
16:02:31.857;FECHADA
16:02:31.889;FECHADA
16:02:31.921;FECHADA
16:02:31.952;FECHADA
16:02:31.984;FECHADA
16:02:32.015;FECHADA
16:02:32.046;FECHADA
16:02:32.078;FECHADA
16:02:32.110;FECHADA
16:02:32.141;FECHADA
16:02:32.173;FECHADA
16:02:32.205;FECHADA
16:02:32.237;FECHADA
16:02:32.268;FECHADA
16:02:32.300;FECHADA
16:02:32.332;FECHADA
16:02:32.364;FECHADA
16:02:32.395;FECHADA
16:02:32.427;FECHADA
16:02:32.458;FECHADA
16:02:32.489;FECHADA
16:02:32.521;FECHADA
16:02:32.553;FECHADA
16:02:32.584;FECHADA
16:02:32.615;FECHADA
16:02:32.647;FECHADA
16:02:32.679;FECHADA
16:02:32.711;FECHADA
16:02:32.742;ABERTA
16:02:32.773;ABERTA
16:02:32.805;ABERTA
16:02:32.837;FECHADA
16:02:32.869;FECHADA
16:02:32.900;FECHADA
16:02:32.932;FECHADA
16:02:32.964;FECHADA
16:02:32.995;FECHADA
16:02:33.027;FECHADA
16:02:33.058;FECHADA
16:02:33.090;FECHADA
16:02:33.122;FECHADA
16:02:33.153;ABERTA
16:02:33.185;ABERTA
16:02:33.217;ABERTA
16:02:33.249;FECHADA
16:02:33.281;FECHADA
16:02:33.313;FECHADA
16:02:33.345;ABERTA
16:02:33.376;ABERTA
16:02:33.408;ABERTA
16:02:33.440;ABERTA
16:02:33.472;ABERTA
16:02:33.503;ABERTA
16:02:33.535;FECHADA
16:02:33.567;FECHADA
16:02:33.598;FECHADA
16:02:33.851;ABERTA
16:02:33.883;ABERTA
16:02:33.914;ABERTA
16:02:33.946;ABERTA
16:02:33.978;ABERTA
16:02:34.009;ABERTA
16:02:34.041;ABERTA
16:02:34.073;ABERTA
16:02:34.104;ABERTA
16:02:34.136;ABERTA
16:02:34.167;ABERTA
16:02:34.198;ABERTA
16:02:34.230;ABERTA
16:02:34.262;ABERTA
16:02:34.293;ABERTA
16:02:34.324;ABERTA
16:02:34.356;ABERTA
16:02:34.387;ABERTA
16:02:34.419;ABERTA
16:02:34.451;ABERTA
16:02:34.482;ABERTA
16:02:34.514;ABERTA
16:02:34.545;ABERTA
16:02:34.577;ABERTA
16:02:34.609;ABERTA
16:02:34.641;ABERTA
16:02:34.672;ABERTA
16:02:34.704;ABERTA
16:02:34.736;ABERTA
16:02:34.767;ABERTA
16:02:34.799;ABERTA
16:02:34.830;ABERTA
16:02:34.865;ABERTA
16:02:34.899;ABERTA
16:02:34.932;ABERTA
16:02:34.963;ABERTA
16:02:34.997;ABERTA
16:02:35.028;ABERTA
16:02:35.059;ABERTA
16:02:35.091;ABERTA
16:02:35.123;ABERTA
16:02:35.154;ABERTA
16:02:35.186;ABERTA
16:02:35.218;ABERTA
16:02:35.250;ABERTA
16:02:35.282;ABERTA
16:02:35.314;ABERTA
16:02:35.346;ABERTA
16:02:35.377;ABERTA
16:02:35.409;ABERTA
16:02:35.535;ABERTA
16:02:35.567;ABERTA
16:02:35.599;ABERTA
16:02:35.631;ABERTA
16:02:35.663;ABERTA
16:02:35.694;ABERTA
16:02:35.916;ABERTA
16:02:35.947;ABERTA
16:02:35.979;ABERTA
16:02:36.197;ABERTA
16:02:36.229;ABERTA
16:02:36.260;ABERTA
16:02:36.292;ABERTA
16:02:36.323;ABERTA
16:02:36.355;ABERTA
16:02:36.386;ABERTA
16:02:36.418;ABERTA
16:02:36.449;ABERTA
16:02:36.481;ABERTA
16:02:36.512;ABERTA
16:02:36.544;ABERTA
16:02:36.576;ABERTA
16:02:36.608;ABERTA
16:02:36.639;ABERTA
16:02:36.671;ABERTA
16:02:36.703;ABERTA
16:02:36.734;ABERTA
16:02:36.766;ABERTA
16:02:36.798;ABERTA
16:02:36.830;ABERTA
16:02:36.863;ABERTA
16:02:36.895;ABERTA
16:02:36.926;ABERTA
16:02:36.958;ABERTA
16:02:36.989;ABERTA
16:02:37.021;ABERTA
16:02:37.053;ABERTA
16:02:37.084;ABERTA
16:02:37.116;ABERTA
16:02:37.147;ABERTA
16:02:37.179;ABERTA
16:02:37.210;ABERTA
16:02:37.243;ABERTA
16:02:37.274;ABERTA
16:02:37.306;ABERTA
16:02:37.337;ABERTA
16:02:37.369;ABERTA
16:02:37.400;ABERTA
16:02:37.432;ABERTA
16:02:37.464;FECHADA
16:02:37.495;FECHADA
16:02:37.527;FECHADA
16:02:37.559;FECHADA
16:02:37.590;FECHADA
16:02:37.622;ABERTA
16:02:37.653;ABERTA
16:02:37.684;ABERTA
16:02:37.716;ABERTA
16:02:37.747;ABERTA
16:02:37.779;ABERTA
16:02:37.811;ABERTA
16:02:37.842;ABERTA
16:02:37.873;ABERTA
16:02:37.905;ABERTA
16:02:37.936;ABERTA
16:02:37.968;ABERTA
16:02:38.000;ABERTA
16:02:38.031;ABERTA
16:02:38.064;ABERTA
16:02:38.095;ABERTA
16:02:38.126;ABERTA
16:02:38.158;ABERTA
16:02:38.189;ABERTA
16:02:38.221;ABERTA
16:02:38.252;ABERTA
16:02:38.283;ABERTA
16:02:38.314;ABERTA
16:02:38.346;ABERTA
16:02:38.378;ABERTA
16:02:38.410;ABERTA
16:02:38.441;ABERTA
16:02:38.473;ABERTA
16:02:38.505;ABERTA
16:02:38.536;ABERTA
16:02:38.568;ABERTA
16:02:38.599;ABERTA
16:02:38.631;ABERTA
16:02:38.662;ABERTA
16:02:38.694;ABERTA
16:02:38.726;ABERTA
16:02:38.758;ABERTA
16:02:38.789;ABERTA
16:02:38.821;ABERTA
16:02:38.852;ABERTA
16:02:38.883;ABERTA
16:02:38.915;ABERTA
16:02:38.946;ABERTA
16:02:38.978;ABERTA
16:02:39.009;ABERTA
16:02:39.041;ABERTA
16:02:39.073;ABERTA
16:02:39.105;ABERTA
16:02:39.137;ABERTA
16:02:39.168;ABERTA
16:02:39.203;ABERTA
16:02:39.234;ABERTA
16:02:39.266;ABERTA
16:02:39.298;ABERTA
16:02:39.329;ABERTA
16:02:39.361;ABERTA
16:02:39.392;ABERTA
16:02:39.423;ABERTA
16:02:39.455;ABERTA
16:02:39.486;ABERTA
16:02:39.517;ABERTA
16:02:39.549;ABERTA
16:02:39.580;ABERTA
16:02:39.612;ABERTA
16:02:39.643;ABERTA
16:02:39.675;ABERTA
16:02:39.706;ABERTA
16:02:39.737;ABERTA
16:02:39.768;ABERTA
16:02:39.799;ABERTA
16:02:39.831;ABERTA
16:02:39.862;ABERTA
16:02:39.894;ABERTA
16:02:39.926;ABERTA
16:02:39.957;ABERTA
16:02:39.989;ABERTA
16:02:40.021;ABERTA
16:02:40.052;ABERTA
16:02:40.084;ABERTA
16:02:40.116;ABERTA
16:02:40.147;ABERTA
16:02:40.179;ABERTA
16:02:40.210;ABERTA
16:02:40.242;ABERTA
16:02:40.276;ABERTA
16:02:40.307;ABERTA
16:02:40.339;ABERTA
16:02:40.371;ABERTA
16:02:40.402;ABERTA
16:02:40.434;ABERTA
16:02:40.466;ABERTA
16:02:40.497;ABERTA
16:02:40.528;ABERTA
16:02:40.561;ABERTA
16:02:40.593;ABERTA
16:02:40.624;ABERTA
16:02:40.659;ABERTA
16:02:40.693;ABERTA
16:02:40.724;ABERTA
16:02:40.755;ABERTA
16:02:40.791;ABERTA
16:02:40.822;ABERTA
16:02:40.856;ABERTA
16:02:40.888;ABERTA
16:02:40.920;ABERTA
16:02:40.951;ABERTA
16:02:40.983;ABERTA
16:02:41.014;ABERTA
16:02:41.046;ABERTA
16:02:41.077;ABERTA
16:02:41.108;ABERTA
16:02:41.139;ABERTA
16:02:41.171;ABERTA
16:02:41.203;FECHADA
16:02:41.234;FECHADA
16:02:41.265;FECHADA
16:02:41.297;FECHADA
16:02:41.328;FECHADA
16:02:41.360;FECHADA
16:02:41.392;ABERTA
16:02:41.423;ABERTA
16:02:41.454;ABERTA
16:02:41.485;ABERTA
16:02:41.517;ABERTA
16:02:41.549;ABERTA
16:02:41.581;ABERTA
16:02:41.612;ABERTA
16:02:41.644;ABERTA
16:02:41.675;ABERTA
16:02:41.707;ABERTA
16:02:41.738;FECHADA
16:02:41.770;FECHADA
16:02:41.802;FECHADA
16:02:41.833;FECHADA
16:02:41.864;FECHADA
16:02:41.896;FECHADA
16:02:41.927;FECHADA
16:02:41.959;FECHADA
16:02:41.991;FECHADA
16:02:42.023;FECHADA
16:02:42.054;FECHADA
16:02:42.086;ABERTA
16:02:42.117;ABERTA
16:02:42.149;ABERTA
16:02:42.180;ABERTA
16:02:42.212;ABERTA
16:02:42.243;ABERTA
16:02:42.275;ABERTA
16:02:42.307;ABERTA
16:02:42.338;ABERTA
16:02:42.369;ABERTA
16:02:42.401;ABERTA
16:02:42.432;ABERTA
16:02:42.464;ABERTA
16:02:42.495;ABERTA
16:02:42.526;ABERTA
16:02:42.557;ABERTA
16:02:42.589;ABERTA
16:02:42.620;ABERTA
16:02:42.652;ABERTA
16:02:42.683;ABERTA
16:02:42.715;ABERTA
16:02:42.747;ABERTA
16:02:42.778;ABERTA
16:02:42.810;ABERTA
16:02:42.841;ABERTA
16:02:42.872;ABERTA
16:02:42.903;ABERTA
16:02:42.935;ABERTA
16:02:42.966;ABERTA
16:02:42.997;ABERTA
16:02:43.029;ABERTA
16:02:43.060;ABERTA
16:02:43.092;ABERTA
16:02:43.123;ABERTA
16:02:43.155;FECHADA
16:02:43.187;FECHADA
16:02:43.218;FECHADA
16:02:43.250;FECHADA
16:02:43.281;FECHADA
16:02:43.313;FECHADA
16:02:43.345;FECHADA
16:02:43.376;FECHADA
16:02:43.407;FECHADA
16:02:43.438;FECHADA
16:02:43.469;FECHADA
16:02:43.501;ABERTA
16:02:43.532;ABERTA
16:02:43.564;ABERTA
16:02:43.596;ABERTA
16:02:43.628;ABERTA
16:02:43.660;ABERTA
16:02:43.692;ABERTA
16:02:43.723;ABERTA
16:02:43.755;ABERTA
16:02:43.786;ABERTA
16:02:43.817;ABERTA
16:02:43.849;ABERTA
16:02:43.881;ABERTA
16:02:43.913;ABERTA
16:02:43.944;ABERTA
16:02:43.976;ABERTA
16:02:44.007;ABERTA
16:02:44.039;ABERTA
16:02:44.070;ABERTA
16:02:44.102;ABERTA
16:02:44.134;ABERTA
16:02:44.165;ABERTA
16:02:44.197;ABERTA
16:02:44.228;ABERTA
16:02:44.260;ABERTA
16:02:44.291;ABERTA
16:02:44.323;ABERTA
16:02:44.354;ABERTA
16:02:44.386;ABERTA
16:02:44.418;ABERTA
16:02:44.449;ABERTA
16:02:44.480;ABERTA
16:02:44.511;ABERTA
16:02:44.543;ABERTA
16:02:44.575;ABERTA
16:02:44.606;ABERTA
16:02:44.638;ABERTA
16:02:44.670;ABERTA
16:02:44.701;ABERTA
16:02:44.733;ABERTA
16:02:44.765;ABERTA
16:02:44.796;ABERTA
16:02:44.828;ABERTA
16:02:44.859;ABERTA
16:02:44.891;ABERTA
16:02:44.923;ABERTA
16:02:44.954;ABERTA
16:02:44.985;ABERTA
16:02:45.017;ABERTA
16:02:45.049;ABERTA
16:02:45.080;ABERTA
16:02:45.111;FECHADA
16:02:45.143;FECHADA
16:02:45.175;FECHADA
16:02:45.206;FECHADA
16:02:45.237;FECHADA
16:02:45.269;FECHADA
16:02:45.301;FECHADA
16:02:45.332;FECHADA
16:02:45.364;FECHADA
16:02:45.395;FECHADA
16:02:45.427;FECHADA
16:02:45.458;FECHADA
16:02:45.490;ABERTA
16:02:45.522;ABERTA
16:02:45.553;ABERTA
16:02:45.584;ABERTA
16:02:45.616;ABERTA
16:02:45.647;FECHADA
16:02:45.678;FECHADA
16:02:45.709;FECHADA
16:02:45.741;FECHADA
16:02:45.772;FECHADA
16:02:45.804;FECHADA
16:02:45.835;ABERTA
16:02:45.867;ABERTA
16:02:45.899;ABERTA
16:02:45.930;ABERTA
16:02:45.962;ABERTA
16:02:45.994;ABERTA
16:02:46.026;ABERTA
16:02:46.057;ABERTA
16:02:46.089;ABERTA
16:02:46.121;ABERTA
16:02:46.153;ABERTA
16:02:46.184;ABERTA
16:02:46.215;ABERTA
16:02:46.246;ABERTA
16:02:46.278;ABERTA
16:02:46.310;ABERTA
16:02:46.341;ABERTA
16:02:46.372;ABERTA
16:02:46.403;ABERTA
16:02:46.435;ABERTA
16:02:46.466;ABERTA
16:02:46.498;ABERTA
16:02:46.530;ABERTA
16:02:46.562;ABERTA
16:02:46.593;ABERTA
16:02:46.624;ABERTA
16:02:46.656;ABERTA
16:02:46.688;ABERTA
16:02:46.719;ABERTA
16:02:46.751;ABERTA
16:02:46.782;ABERTA
16:02:46.814;ABERTA
16:02:46.846;ABERTA
16:02:46.878;ABERTA
16:02:46.909;ABERTA
16:02:46.940;ABERTA
16:02:46.972;ABERTA
16:02:47.003;ABERTA
16:02:47.035;ABERTA
16:02:47.066;ABERTA
16:02:47.097;ABERTA
16:02:47.128;ABERTA
16:02:47.160;ABERTA
16:02:47.192;ABERTA
16:02:47.223;ABERTA
16:02:47.255;ABERTA
16:02:47.286;ABERTA
16:02:47.317;ABERTA
16:02:47.349;ABERTA
16:02:47.380;ABERTA
16:02:47.412;ABERTA
16:02:47.443;ABERTA
16:02:47.475;ABERTA
16:02:47.506;ABERTA
16:02:47.538;ABERTA
16:02:47.569;ABERTA
16:02:47.600;FECHADA
16:02:47.632;FECHADA
16:02:47.664;FECHADA
16:02:47.695;FECHADA
16:02:47.726;FECHADA
16:02:47.758;FECHADA
16:02:47.789;FECHADA
16:02:47.821;FECHADA
16:02:47.852;FECHADA
16:02:47.883;FECHADA
16:02:47.915;FECHADA
16:02:47.947;FECHADA
16:02:47.978;FECHADA
16:02:48.010;FECHADA
16:02:48.041;FECHADA
16:02:48.073;FECHADA
16:02:48.105;FECHADA
16:02:48.136;FECHADA
16:02:48.168;FECHADA
16:02:48.199;FECHADA
16:02:48.230;FECHADA
16:02:48.262;FECHADA
16:02:48.295;FECHADA
16:02:48.327;FECHADA
16:02:48.358;FECHADA
16:02:48.389;FECHADA
16:02:48.421;FECHADA
16:02:48.452;FECHADA
16:02:48.484;FECHADA
16:02:48.515;FECHADA
16:02:48.547;FECHADA
16:02:48.578;FECHADA
16:02:48.611;FECHADA
16:02:48.643;FECHADA
16:02:48.677;FECHADA
16:02:48.708;FECHADA
16:02:48.739;FECHADA
16:02:48.771;FECHADA
16:02:48.802;FECHADA
16:02:48.834;FECHADA
16:02:48.865;FECHADA
16:02:48.897;FECHADA
16:02:48.928;FECHADA
16:02:48.959;FECHADA
16:02:48.991;FECHADA
16:02:49.022;FECHADA
16:02:49.054;FECHADA
16:02:49.085;FECHADA
16:02:49.117;FECHADA
16:02:49.148;FECHADA
16:02:49.179;FECHADA
16:02:49.211;FECHADA
16:02:49.243;FECHADA
16:02:49.274;FECHADA
16:02:49.306;FECHADA
16:02:49.337;FECHADA
16:02:49.369;FECHADA
16:02:49.401;FECHADA
16:02:49.433;FECHADA
16:02:49.464;FECHADA
16:02:49.495;FECHADA
16:02:49.527;FECHADA
16:02:49.559;FECHADA
16:02:49.590;FECHADA
16:02:49.622;FECHADA
16:02:49.653;FECHADA
16:02:49.685;FECHADA
16:02:49.716;FECHADA
16:02:49.748;FECHADA
16:02:49.780;FECHADA
16:02:49.811;FECHADA
16:02:49.843;FECHADA
16:02:49.875;FECHADA
16:02:49.907;FECHADA
16:02:49.938;FECHADA
16:02:49.970;FECHADA
16:02:50.002;FECHADA
16:02:50.033;FECHADA
16:02:50.065;FECHADA
16:02:50.097;FECHADA
16:02:50.129;FECHADA
16:02:50.160;FECHADA
16:02:50.191;FECHADA
16:02:50.222;FECHADA
16:02:50.254;FECHADA
16:02:50.286;FECHADA
16:02:50.317;FECHADA
16:02:50.349;FECHADA
16:02:50.381;FECHADA
16:02:50.413;FECHADA
16:02:50.444;FECHADA
16:02:50.476;FECHADA
16:02:50.508;FECHADA
16:02:50.540;FECHADA
16:02:50.572;FECHADA
16:02:50.603;FECHADA
16:02:50.635;FECHADA
16:02:50.666;FECHADA
16:02:50.697;FECHADA
16:02:50.729;FECHADA
16:02:50.761;FECHADA
16:02:50.792;FECHADA
16:02:50.824;FECHADA
16:02:50.856;FECHADA
16:02:50.887;FECHADA
16:02:50.918;FECHADA
16:02:50.950;FECHADA
16:02:50.981;FECHADA
16:02:51.013;FECHADA
16:02:51.045;FECHADA
16:02:51.076;FECHADA
16:02:51.108;FECHADA
16:02:51.139;FECHADA
16:02:51.171;ABERTA
16:02:51.203;ABERTA
16:02:51.235;ABERTA
16:02:51.267;ABERTA
16:02:51.298;ABERTA
16:02:51.330;ABERTA
16:02:51.362;FECHADA
16:02:51.393;FECHADA
16:02:51.425;FECHADA
16:02:51.457;FECHADA
16:02:51.488;FECHADA
16:02:51.520;FECHADA
16:02:51.551;FECHADA
16:02:51.583;FECHADA
16:02:51.615;FECHADA
16:02:51.647;FECHADA
16:02:51.679;FECHADA
16:02:51.712;FECHADA
16:02:51.743;FECHADA
16:02:51.775;FECHADA
16:02:51.806;FECHADA
16:02:51.838;FECHADA
16:02:51.870;FECHADA
16:02:51.901;ABERTA
16:02:51.932;ABERTA
16:02:51.964;ABERTA
16:02:51.995;ABERTA
16:02:52.026;ABERTA
16:02:52.057;ABERTA
16:02:52.089;ABERTA
16:02:52.121;ABERTA
16:02:52.152;ABERTA
16:02:52.184;ABERTA
16:02:52.216;ABERTA
16:02:52.247;ABERTA
16:02:52.279;ABERTA
16:02:52.310;ABERTA
16:02:52.342;ABERTA
16:02:52.374;ABERTA
16:02:52.406;ABERTA
16:02:52.442;ABERTA
16:02:52.474;ABERTA
16:02:52.505;ABERTA
16:02:52.537;ABERTA
16:02:52.571;ABERTA
16:02:52.605;ABERTA
16:02:52.637;ABERTA
16:02:52.668;ABERTA
16:02:52.699;ABERTA
16:02:52.731;ABERTA
16:02:52.764;ABERTA
16:02:52.797;ABERTA
16:02:52.828;ABERTA
16:02:52.859;ABERTA
16:02:52.891;ABERTA
16:02:52.922;ABERTA
16:02:52.953;ABERTA
16:02:52.985;ABERTA
16:02:53.017;ABERTA
16:02:53.049;ABERTA
16:02:53.080;ABERTA
16:02:53.113;ABERTA
16:02:53.144;ABERTA
16:02:53.175;ABERTA
16:02:53.207;ABERTA
16:02:53.238;ABERTA
16:02:53.270;ABERTA
16:02:53.301;ABERTA
16:02:53.333;ABERTA
16:02:53.365;ABERTA
16:02:53.396;ABERTA
16:02:53.428;ABERTA
16:02:53.460;ABERTA
16:02:53.491;ABERTA
16:02:53.523;ABERTA
16:02:53.555;ABERTA
16:02:53.586;ABERTA
16:02:53.618;ABERTA
16:02:53.650;ABERTA
16:02:53.681;ABERTA
16:02:53.712;ABERTA
16:02:53.744;ABERTA
16:02:53.776;ABERTA
16:02:53.808;ABERTA
16:02:53.839;ABERTA
16:02:53.871;ABERTA
16:02:53.903;ABERTA
16:02:53.934;ABERTA
16:02:53.965;ABERTA
16:02:53.997;ABERTA
16:02:54.029;ABERTA
16:02:54.061;ABERTA
16:02:54.093;ABERTA
16:02:54.124;ABERTA
16:02:54.156;ABERTA
16:02:54.188;ABERTA
16:02:54.219;ABERTA
16:02:54.251;ABERTA
16:02:54.282;ABERTA
16:02:54.313;ABERTA
16:02:54.345;ABERTA
16:02:54.377;ABERTA
16:02:54.409;ABERTA
16:02:54.441;ABERTA
16:02:54.472;ABERTA
16:02:54.503;ABERTA
16:02:54.534;ABERTA
16:02:54.566;ABERTA
16:02:54.597;ABERTA
16:02:54.628;ABERTA
16:02:54.660;ABERTA
16:02:54.691;ABERTA
16:02:54.723;ABERTA
16:02:54.754;ABERTA
16:02:54.785;ABERTA
16:02:54.817;ABERTA
16:02:54.848;ABERTA
16:02:54.880;ABERTA
16:02:54.911;ABERTA
16:02:54.942;ABERTA
16:02:54.974;ABERTA
16:02:55.005;ABERTA
16:02:55.037;ABERTA
16:02:55.069;ABERTA
16:02:55.101;ABERTA
16:02:55.133;ABERTA
16:02:55.164;ABERTA
16:02:55.195;ABERTA
16:02:55.226;ABERTA
16:02:55.257;ABERTA
16:02:55.289;ABERTA
16:02:55.320;ABERTA
16:02:55.352;ABERTA
16:02:55.383;ABERTA
16:02:55.415;ABERTA
16:02:55.447;ABERTA
16:02:55.478;ABERTA
16:02:55.510;ABERTA
16:02:55.541;ABERTA
16:02:55.573;ABERTA
16:02:55.604;ABERTA
16:02:55.636;ABERTA
16:02:55.667;ABERTA
16:02:55.698;ABERTA
16:02:55.729;ABERTA
16:02:55.760;ABERTA
16:02:55.792;ABERTA
16:02:55.824;FECHADA
16:02:55.855;FECHADA
16:02:55.887;FECHADA
16:02:55.918;FECHADA
16:02:55.949;FECHADA
16:02:55.981;FECHADA
16:02:56.013;FECHADA
16:02:56.044;FECHADA
16:02:56.076;FECHADA
16:02:56.107;FECHADA
16:02:56.139;FECHADA
16:02:56.171;FECHADA
16:02:56.203;FECHADA
16:02:56.234;FECHADA
16:02:56.265;FECHADA
16:02:56.297;FECHADA
16:02:56.329;FECHADA
16:02:56.360;FECHADA
16:02:56.392;FECHADA
16:02:56.424;FECHADA
16:02:56.456;FECHADA
16:02:56.487;FECHADA
16:02:56.518;FECHADA
16:02:56.549;FECHADA
16:02:56.582;FECHADA
16:02:56.613;FECHADA
16:02:56.644;FECHADA
16:02:56.676;FECHADA
16:02:56.707;FECHADA
16:02:56.738;FECHADA
16:02:56.770;FECHADA
16:02:56.801;FECHADA
16:02:56.833;FECHADA
16:02:56.864;FECHADA
16:02:56.896;ABERTA
16:02:56.928;ABERTA
16:02:56.959;ABERTA
16:02:56.991;ABERTA
16:02:57.022;ABERTA
16:02:57.053;FECHADA
16:02:57.084;FECHADA
16:02:57.116;FECHADA
16:02:57.147;FECHADA
16:02:57.179;FECHADA
16:02:57.211;FECHADA
16:02:57.242;FECHADA
16:02:57.274;FECHADA
16:02:57.306;FECHADA
16:02:57.337;FECHADA
16:02:57.368;FECHADA
16:02:57.399;FECHADA
16:02:57.431;FECHADA
16:02:57.463;FECHADA
16:02:57.494;FECHADA
16:02:57.525;FECHADA
16:02:57.557;FECHADA
16:02:57.588;FECHADA
16:02:57.620;FECHADA
16:02:57.651;FECHADA
16:02:57.683;FECHADA
16:02:57.714;FECHADA
16:02:57.745;FECHADA
16:02:57.777;FECHADA
16:02:57.809;FECHADA
16:02:57.840;FECHADA
16:02:57.872;FECHADA
16:02:57.903;FECHADA
16:02:57.935;FECHADA
16:02:57.966;FECHADA
16:02:57.997;FECHADA
16:02:58.028;FECHADA
16:02:58.059;FECHADA
16:02:58.091;FECHADA
16:02:58.122;FECHADA
16:02:58.154;FECHADA
16:02:58.185;FECHADA
16:02:58.217;FECHADA
16:02:58.249;FECHADA
16:02:58.282;FECHADA
16:02:58.313;FECHADA
16:02:58.344;FECHADA
16:02:58.376;FECHADA
16:02:58.408;FECHADA
16:02:58.439;FECHADA
16:02:58.471;FECHADA
16:02:58.502;FECHADA
16:02:58.533;FECHADA
16:02:58.565;FECHADA
16:02:58.597;FECHADA
16:02:58.628;FECHADA
16:02:58.659;FECHADA
16:02:58.691;FECHADA
16:02:58.722;FECHADA
16:02:58.754;FECHADA
16:02:58.786;FECHADA
16:02:58.818;FECHADA
16:02:58.849;FECHADA
16:02:58.881;FECHADA
16:02:58.912;FECHADA
16:02:58.943;FECHADA
16:02:58.975;FECHADA
16:02:59.007;FECHADA
16:02:59.038;FECHADA
16:02:59.069;FECHADA
16:02:59.101;FECHADA
16:02:59.132;FECHADA
16:02:59.164;FECHADA
16:02:59.196;FECHADA
16:02:59.228;FECHADA
16:02:59.259;FECHADA
16:02:59.291;FECHADA
16:02:59.322;FECHADA
16:02:59.354;FECHADA
16:02:59.386;ABERTA
16:02:59.417;ABERTA
16:02:59.448;ABERTA
16:02:59.479;ABERTA
16:02:59.511;ABERTA
16:02:59.542;ABERTA
16:02:59.573;ABERTA
16:02:59.604;ABERTA
16:02:59.636;ABERTA
16:02:59.667;ABERTA
16:02:59.698;ABERTA
16:02:59.729;ABERTA
16:02:59.761;ABERTA
16:02:59.793;ABERTA
16:02:59.824;ABERTA
16:02:59.856;ABERTA
16:02:59.888;ABERTA
16:02:59.919;ABERTA
16:02:59.951;ABERTA
16:02:59.983;ABERTA
16:03:00.015;ABERTA
16:03:00.046;ABERTA
16:03:00.078;ABERTA
16:03:00.110;ABERTA
16:03:00.142;ABERTA
16:03:00.173;ABERTA
16:03:00.204;ABERTA
16:03:00.236;ABERTA
16:03:00.267;FECHADA
16:03:00.300;FECHADA
16:03:00.332;FECHADA
16:03:00.363;FECHADA
16:03:00.395;FECHADA
16:03:00.427;FECHADA
16:03:00.458;FECHADA
16:03:00.490;FECHADA
16:03:00.521;FECHADA
16:03:00.552;FECHADA
16:03:00.583;FECHADA
16:03:00.615;FECHADA
16:03:00.647;FECHADA
16:03:00.679;FECHADA
16:03:00.711;FECHADA
16:03:00.742;FECHADA
16:03:00.774;FECHADA
16:03:00.806;ABERTA
16:03:00.838;ABERTA
16:03:00.870;ABERTA
16:03:00.901;ABERTA
16:03:00.932;ABERTA
16:03:00.963;ABERTA
16:03:00.995;ABERTA
16:03:01.026;ABERTA
16:03:01.058;ABERTA
16:03:01.089;ABERTA
16:03:01.120;ABERTA
16:03:01.151;ABERTA
16:03:01.182;ABERTA
16:03:01.213;ABERTA
16:03:01.245;ABERTA
16:03:01.276;ABERTA
